insert into app_user (id, username, password, email, account_non_expired, account_non_locked, credentials_non_expired, enabled, last_password_change_at , password_expirate_at ) values ('80d768ef-831a-4cfe-94e6-fda1eb4452a6', 'krobert151', '{bcrypt}$2a$12$DqkAg6PV3vOSBt63BfsUWupnsAGh/SESJfNGKOGaGneZAiqcGCaDW', 'robertorebolledo151@gmail.com', true, true, true, true, '2023-12-17 17:22:00', '2024-12-17 17:24:00');
insert into user_roles (roles, user_id) values (2,'80d768ef-831a-4cfe-94e6-fda1eb4452a6');

insert into level_table(id,level_nevel,from_exp,to_exp) values ('80d768ef-6543-4cfe-9410-fda1eb4452a6',1,0,99);
insert into level_table(id,level_nevel,from_exp,to_exp) values ('80d768ef-6543-4cfe-9411-fda1eb4452a6',2,100,299);
insert into level_table(id,level_nevel,from_exp,to_exp) values ('80d768ef-6543-4cfe-9412-fda1eb4452a6',3,300,499);
insert into level_table(id,level_nevel,from_exp,to_exp) values ('80d768ef-6543-4cfe-9413-fda1eb4452a6',4,500,999);
insert into level_table(id,level_nevel,from_exp,to_exp) values ('80d768ef-6543-4cfe-9414-fda1eb4452a6',5,1000,1499);
insert into level_table(id,level_nevel,from_exp,to_exp) values ('80d768ef-6543-4cfe-9415-fda1eb4452a6',6,1500,1999);
insert into level_table(id,level_nevel,from_exp,to_exp) values ('80d768ef-6543-4cfe-9416-fda1eb4452a6',7,2000,2999);
insert into level_table(id,level_nevel,from_exp,to_exp) values ('80d768ef-6543-4cfe-9417-fda1eb4452a6',8,3000,3999);
insert into level_table(id,level_nevel,from_exp,to_exp) values ('80d768ef-6543-4cfe-9418-fda1eb4452a6',9,4000,7999);
insert into level_table(id,level_nevel,from_exp,to_exp) values ('80d768ef-6543-4cfe-9419-fda1eb4452a6',10,8000,10000);


insert into media (id, article, archive) values ('80d768ef-6543-4cfe-94e6-fda1eb4452a6','Photo gallipato', 'https://i.pinimg.com/564x/f8/19/94/f81994a18d2f74abf23c2ae79b1bceb2.jpg');

insert into media (id, article, archive) values ('26293509-11ea-4e7e-b2e7-27a2603bdfce','Photo gallipato encounter 1', 'https://i.pinimg.com/564x/17/fa/7a/17fa7a7a09c55956a0a1640e5514f4e6.jpg');
insert into media (id, article, archive) values ('fae3600e-69e2-4f06-b514-4d9248aff3fc','Photo gallipato encounter 2', 'https://i.pinimg.com/564x/a3/1f/0e/a31f0ea3f1c968483fc97c4bc3ff6f9a.jpg');
insert into media (id, article, archive) values ('9962139e-9d50-481d-b49d-b5a78a0c2bd5','Photo gallipato encounter 3', 'https://i.pinimg.com/564x/8f/6d/b8/8f6db89ca06e83e127ee1635438c78fb.jpg');
insert into media (id, article, archive) values ('b52c8e7d-e7b1-490c-b719-1b7440062c84','Photo gallipato encounter 4', 'https://i.pinimg.com/564x/c6/b2/95/c6b295b74c8ee8eb41248851ca142eeb.jpg');
insert into media (id, article, archive) values ('0c08a9dc-0ae2-4ae8-b5c9-c66b2cbd4d8d','Photo gallipato encounter 5', 'https://i.pinimg.com/564x/92/b9/39/92b939d2c35955d940e1e6430f3f62fb.jpg');
insert into media (id, article, archive) values ('6d82c7f8-0221-44e9-aa79-5c58f4c5ecca','Photo gallipato encounter 6', 'https://i.pinimg.com/564x/28/e3/a1/28e3a1e2320d356ec5be8233cd5d1901.jpg');
insert into media (id, article, archive) values ('1f1b9695-3cb9-4762-a3b8-5aa18fb5e665','Photo gallipato encounter 7', 'https://i.pinimg.com/564x/19/49/cb/1949cbb288513a2db58ab013285e943a.jpg');


insert into media (id, article, archive) values ('80d768af-6543-4cfe-94e6-fda1eb4452a6','Photo araña lobo', 'https://i.pinimg.com/564x/04/10/44/04104419e02e72560d0f0c6cff8a8be2.jpg');

insert into media (id, article, archive) values ('bd6fd08e-0357-49f9-8064-e3fc65ac90b3','Photo araña lobo encounter 4', 'https://i.pinimg.com/564x/a7/71/f5/a771f57c10c936b2e98719e4cb5405a8.jpg');
insert into media (id, article, archive) values ('f90fe225-379a-4c6f-aa71-6f78e403dc1c','Photo araña lobo encounter 2', 'https://i.pinimg.com/564x/35/d6/b3/35d6b3e75d9a95730e1bd20a924b0327.jpg');
insert into media (id, article, archive) values ('9f088314-fd25-4729-8d65-712d3732ab75','Photo araña lobo encounter 3', 'https://i.pinimg.com/564x/6b/10/86/6b1086d0020552a9fe99d30ce560540e.jpg');


insert into media (id, article, archive) values ('80d768ff-6543-4cfe-94e6-fda1eb4452a6','Photo gineta', 'https://i.pinimg.com/564x/79/94/81/799481a982a56e439756668a19bf35aa.jpg');
insert into media (id, article, archive) values ('80d768ff-5543-4cfe-94e6-fda1eb4452a6','Photo eagle', 'https://i.pinimg.com/564x/c6/31/8d/c6318d184cf1153eb4cf71db7937a214.jpg');
insert into media (id, article, archive) values ('80d768ff-6543-4cfe-94e6-fda1eb4455a6','Photo gineta2', 'https://i.pinimg.com/564x/79/94/81/799481a982a56e439756668a19bf35aa.jpg');
insert into media (id, article, archive) values ('80d768bf-6543-4cfe-94e6-fda1eb4452a6','Photo gineta3', 'https://i.pinimg.com/564x/79/94/81/799481a982a56e439756668a19bf35aa.jpg');

insert into media (id, article, archive) values ('c39cfcd5-4af4-4d11-94c5-6870fa269668','Photo nautilus', 'https://i.pinimg.com/564x/ed/6f/d7/ed6fd7544f15b721a970a20c5649f7fc.jpg');

insert into media (id, article, archive) values ('606c4361-4997-47ac-aaa3-6b2a1207fabc','Photo nautilus2', 'https://i.pinimg.com/564x/e9/4b/b2/e94bb20f9a32ddd4b04aa1877b66c633.jpg');
insert into media (id, article, archive) values ('83f74160-1582-495d-9ecd-495cbb3a64b9','Photo nautilus3', 'https://i.pinimg.com/564x/b3/be/01/b3be01932bfe7494284aa95a55d84e9d.jpg');



insert into media (id, article, archive) values ('b8ce31a8-ca8c-4b16-ada3-45814209da42','Photo Triton Jaspeado', 'https://i.pinimg.com/564x/fa/5d/d8/fa5dd8a1101f47607683a590a923101b.jpg');

insert into media (id, article, archive) values ('070787c1-d3d9-4b15-b136-706292be3793','Photo Triton Jaspeado encounter', 'https://i.pinimg.com/564x/fe/67/5b/fe675b699c2a5a9380f0228adeab4919.jpg');
insert into media (id, article, archive) values ('8ed67ce4-f0ac-46a0-ae7f-c83225b5d72b','Photo Triton Jaspeado encounter', 'https://i.pinimg.com/564x/93/a5/b9/93a5b9ebe64c6c5f4b06ee183b69e600.jpg');



insert into media (id, article, archive) values ('f0165d2e-9928-4c5f-8f84-50360a457670','Photo Black Mabpa', 'https://i.pinimg.com/564x/53/60/ca/5360ca64278e70d7b0084baaa4b030d0.jpg');
insert into media (id, article, archive) values ('2dae01fa-faca-4cd7-ad8d-5e717c5a6e4d','Photo Iberian Lynxs', 'https://i.pinimg.com/564x/8d/25/1e/8d251e53fa005b0ddb881c72923e9731.jpg');
insert into media (id, article, archive) values ('c3eaa37c-ee5e-478c-9289-56e2564caf92','Photo Lucanus cervus', 'https://i.pinimg.com/564x/7f/5b/7d/7f5b7d99734ef12bba3e75badd70c498.jpg');
insert into media (id, article, archive) values ('1559d94c-d5a1-4305-89e1-b3de0fd34b25','Photo Phelsuma Quadriocellata', 'https://i.pinimg.com/564x/eb/3d/2d/eb3d2db4f57318e8bd092af6992ef58d.jpg');



--Gallipato 80d768ef-831a-4cfe-94e6-fda1eb445564
insert into specie(danger,type,id,media_id,scientific_name) values (2,'Amphibian','80d768ef-831a-4cfe-94e6-fda1eb445564','80d768ef-6543-4cfe-94e6-fda1eb4452a6','Pleurodelest walts');
--American Eagle 80d768ef-831a-4cfe-94e6-fda1eb444464
insert into specie(danger,type,id,media_id,scientific_name) values (5,'Bird','80d768ef-831a-4cfe-94e6-fda1eb444464','80d768ff-5543-4cfe-94e6-fda1eb4452a6','American Eagle');
--Gineta 80d768ef-831a-4cfe-9426-fda1eb456464
insert into specie(danger,type,id,media_id,scientific_name) values (5,'Mammal','80d768ef-831a-4cfe-9426-fda1eb456464','80d768ff-6543-4cfe-94e6-fda1eb4452a6','Gineta');
--Araña Lobo 80d768ef-831a-4cfe-9426-fda1eb490464
insert into specie(danger,type,id,media_id,scientific_name) values (0,'Arachnid','80d768ef-831a-4cfe-9426-fda1eb490464','80d768af-6543-4cfe-94e6-fda1eb4452a6','Araña Lobo');
--Nautilus bc19003c-b896-459b-a45a-a67decb5f89c
insert into specie(danger,type,id,media_id,scientific_name) values (5,'Fish','bc19003c-b896-459b-a45a-a67decb5f89c','c39cfcd5-4af4-4d11-94c5-6870fa269668','Nautilus');
--Triturus marmoratus 5a802b11-6d39-4b2d-b7fe-21fbec3e7f4c
insert into specie(danger,type,id,media_id,scientific_name) values (0,'Amphibian','5a802b11-6d39-4b2d-b7fe-21fbec3e7f4c','b8ce31a8-ca8c-4b16-ada3-45814209da42','Triturus marmoratus');
--Dendroaspis polylepis 6ae67db8-88c3-4313-a300-0da47b218758
insert into specie(danger,type,id,media_id,scientific_name) values (0,'Snake','6ae67db8-88c3-4313-a300-0da47b218758','f0165d2e-9928-4c5f-8f84-50360a457670','Dendroaspis polylepis');
--Lynx pardinus dfa69695-6202-4c7f-b748-dfef86a7c627
insert into specie(danger,type,id,media_id,scientific_name) values (3,'Mammal','dfa69695-6202-4c7f-b748-dfef86a7c627','2dae01fa-faca-4cd7-ad8d-5e717c5a6e4d','Lynx pardinus');
--Lucanus cervus cd905a7f-db86-41d6-bd2c-b0b4b508e2ae
insert into specie(danger,type,id,media_id,scientific_name) values (1,'Insect','cd905a7f-db86-41d6-bd2c-b0b4b508e2ae','c3eaa37c-ee5e-478c-9289-56e2564caf92','Lucanus cervus');
--Phelusma Quadriocellata dd87d249-6946-4628-921e-bf1277fcb100
insert into specie(danger,type,id,media_id,scientific_name) values (0,'Lizzard','dd87d249-6946-4628-921e-bf1277fcb100','1559d94c-d5a1-4305-89e1-b3de0fd34b25','Phelusma Quadriocellata');


insert into user_data(id,profile_photo_id,current_location,user_id,exp) values ('80d762ef-831a-4cfe-94e6-fda1eb445564','f0165d2e-9928-4c5f-8f84-50360a457670','aqui','80d768ef-831a-4cfe-94e6-fda1eb4452a6',150);


insert into encounter(id,date,specie_id,user_data_id,location,description,likes) values ('80d768ef-871a-4cfe-9426-fda1eb490464','12-12-2012','80d768ef-831a-4cfe-94e6-fda1eb445564','80d762ef-831a-4cfe-94e6-fda1eb445564','37.5244947,-6.121443','Hoy, en el bosque de Roble Viejo, me encontré con un gallipato fascinante (Pleurodeles waltl), notable por su vibrante coloración naranja y negro en su piel moteada.',50);
insert into encounter(id,date,specie_id,user_data_id,location,description,likes) values ('7369296a-0f0f-4feb-a7be-79b07e164e90','12-12-2012','80d768ef-831a-4cfe-9426-fda1eb490464','80d762ef-831a-4cfe-94e6-fda1eb445564','37.5144947,-6.141443','En el bosque oscuro, me encontré con una araña lobo, su aspecto imponente y sus ojos brillantes me dejaron sin aliento. Observé cautelosamente su elegante movimiento antes de desaparecer en la noche, dejando una impresión duradera de su majestuosidad en mi mente.',50);
insert into encounter(id,date,specie_id,user_data_id,location,description,likes) values ('9cbd9641-0274-4c96-983b-fd04e45b23b1','12-12-2012','bc19003c-b896-459b-a45a-a67decb5f89c','80d762ef-831a-4cfe-94e6-fda1eb445564','37.5374947,-6.111443','Durante mi encuentro con un nautilo, quedé maravillado por su belleza y elegancia mientras nadaba en las profundidades del océano. Sus movimientos fluidos y su caparazón único me dejaron sin aliento mientras observaba su gracia natural en su hábitat submarino. Fue una experiencia inolvidable que me hizo apreciar aún más la asombrosa diversidad de la vida marina.',50);
insert into encounter(id,date,specie_id,user_data_id,location,description,likes) values ('6eb7fc11-ec0a-4afe-84ab-a5d573e0f362','12-12-2012','5a802b11-6d39-4b2d-b7fe-21fbec3e7f4c','80d762ef-831a-4cfe-94e6-fda1eb445564','37.5195947,-6.131443','Durante mi encuentro con un tritón jaspeado, quedé fascinado por su colorido y su singularidad mientras exploraba su entorno acuático. Sus patrones moteados y su elegante nado me dejaron maravillado mientras lo observaba deslizarse entre las plantas acuáticas. Fue una experiencia única que me permitió apreciar la belleza de la vida en los humedales y la importancia de conservar estos delicados ecosistemas.',50);

insert into encounter_medias(encounter_id,medias_id) values ('80d768ef-871a-4cfe-9426-fda1eb490464','26293509-11ea-4e7e-b2e7-27a2603bdfce');
insert into encounter_medias(encounter_id,medias_id) values ('80d768ef-871a-4cfe-9426-fda1eb490464','fae3600e-69e2-4f06-b514-4d9248aff3fc');
insert into encounter_medias(encounter_id,medias_id) values ('80d768ef-871a-4cfe-9426-fda1eb490464','b52c8e7d-e7b1-490c-b719-1b7440062c84');
insert into encounter_medias(encounter_id,medias_id) values ('80d768ef-871a-4cfe-9426-fda1eb490464','9962139e-9d50-481d-b49d-b5a78a0c2bd5');
insert into encounter_medias(encounter_id,medias_id) values ('80d768ef-871a-4cfe-9426-fda1eb490464','0c08a9dc-0ae2-4ae8-b5c9-c66b2cbd4d8d');
insert into encounter_medias(encounter_id,medias_id) values ('80d768ef-871a-4cfe-9426-fda1eb490464','6d82c7f8-0221-44e9-aa79-5c58f4c5ecca');
insert into encounter_medias(encounter_id,medias_id) values ('80d768ef-871a-4cfe-9426-fda1eb490464','1f1b9695-3cb9-4762-a3b8-5aa18fb5e665');

insert into encounter_medias(encounter_id,medias_id) values ('7369296a-0f0f-4feb-a7be-79b07e164e90','bd6fd08e-0357-49f9-8064-e3fc65ac90b3');
insert into encounter_medias(encounter_id,medias_id) values ('7369296a-0f0f-4feb-a7be-79b07e164e90','f90fe225-379a-4c6f-aa71-6f78e403dc1c');
insert into encounter_medias(encounter_id,medias_id) values ('7369296a-0f0f-4feb-a7be-79b07e164e90','9f088314-fd25-4729-8d65-712d3732ab75');

insert into encounter_medias(encounter_id,medias_id) values ('9cbd9641-0274-4c96-983b-fd04e45b23b1','606c4361-4997-47ac-aaa3-6b2a1207fabc');
insert into encounter_medias(encounter_id,medias_id) values ('9cbd9641-0274-4c96-983b-fd04e45b23b1','83f74160-1582-495d-9ecd-495cbb3a64b9');

insert into encounter_medias(encounter_id,medias_id) values ('6eb7fc11-ec0a-4afe-84ab-a5d573e0f362','070787c1-d3d9-4b15-b136-706292be3793');
insert into encounter_medias(encounter_id,medias_id) values ('6eb7fc11-ec0a-4afe-84ab-a5d573e0f362','8ed67ce4-f0ac-46a0-ae7f-c83225b5d72b');




insert into article(id,approved,specie_, user_data_id,title,text,type) values ('80d768ef-871a-4cfe-9436-fda1eb490495',true,'80d768ef-831a-4cfe-94e6-fda1eb445564','80d762ef-831a-4cfe-94e6-fda1eb445564','Titulo wapo','texto wapo',0);
insert into article(id,approved,specie_, user_data_id,title,text,type) values ('80d768ef-871a-4cfe-9436-fda1eb490492',true,'80d768ef-831a-4cfe-94e6-fda1eb445564','80d762ef-831a-4cfe-94e6-fda1eb445564','Titulo wapo2','texto wapo2',1);
insert into article(id,approved,specie_, user_data_id,title,text,type) values ('80d768ef-871a-4cfe-9436-fda1eb490292',true,'80d768ef-831a-4cfe-94e6-fda1eb445564','80d762ef-831a-4cfe-94e6-fda1eb445564','Titulo wapo3','texto wapo2',2);
insert into article(id,approved,specie_, user_data_id,title,text,type) values ('80d768ef-871a-4cfe-9436-fda1eb490242',false,'80d768ef-831a-4cfe-94e6-fda1eb445564','80d762ef-831a-4cfe-94e6-fda1eb445564','Titulo waponanai','texto wapo2',0);

insert into article_medias(medias_id,article_id) values ('80d768ef-6543-4cfe-94e6-fda1eb4452a6','80d768ef-871a-4cfe-9436-fda1eb490495');
insert into article_medias(medias_id,article_id) values ('80d768af-6543-4cfe-94e6-fda1eb4452a6','80d768ef-871a-4cfe-9436-fda1eb490495');
insert into article_medias(medias_id,article_id) values ('80d768ff-6543-4cfe-94e6-fda1eb4452a6','80d768ef-871a-4cfe-9436-fda1eb490492');
insert into article_medias(medias_id,article_id) values ('80d768ff-6543-4cfe-94e6-fda1eb4455a6','80d768ef-871a-4cfe-9436-fda1eb490292');



insert into saved_list(id,title,description) values ('80d768ef-971a-4cfe-9436-fda1eb490495','lista wapa','lista wapa molona');

insert into saved_list_species(saved_list_id,species_id) values ('80d768ef-971a-4cfe-9436-fda1eb490495','80d768ef-831a-4cfe-94e6-fda1eb445564');
insert into saved_list_species(saved_list_id,species_id) values ('80d768ef-971a-4cfe-9436-fda1eb490495','80d768ef-831a-4cfe-94e6-fda1eb444464');
insert into saved_list_species(saved_list_id,species_id) values ('80d768ef-971a-4cfe-9436-fda1eb490495','80d768ef-831a-4cfe-9426-fda1eb456464');
insert into saved_list_species(saved_list_id,species_id) values ('80d768ef-971a-4cfe-9436-fda1eb490495','80d768ef-831a-4cfe-9426-fda1eb490464');

insert into user_data_saved_lists (saved_lists_id,user_data_id) values ('80d768ef-971a-4cfe-9436-fda1eb490495','80d762ef-831a-4cfe-94e6-fda1eb445564');